campaign_id,target,budget,start_month,end_month,start_week,end_week,days,region,category
1,4080000,20400,9,11,39,47,57,germany,other
2,3660000,18300,12,5,49,19,154,austria,conference
3,2180000,10900,5,6,19,24,33,switzerland,festival
4,2140000,10700,3,6,9,25,110,germany,conference
5,2120000,10600,5,8,20,35,473,germany,comedy
6,1660000,8300,6,8,25,31,42,germany,other
7,1620000,8100,2,12,5,53,333,germany,concert
8,1340000,6700,12,8,48,32,251,germany,festival
9,1300000,6500,5,7,19,28,64,germany,sports
10,1240000,6200,4,5,13,21,55,germany,conference
11,1220000,6100,7,8,29,31,14,germany,sport
12,1120000,5600,10,12,40,53,91,uk,conference
13,820000,4100,3,5,9,21,87,germany,festival
14,800000,4000,6,9,25,36,80,germany,conference
15,760000,3800,7,8,29,31,14,europe,concert
16,740000,3700,4,6,15,25,72,germany,conference
17,720000,3600,1,10,5,44,274,germany,conference
18,720000,3600,2,3,7,13,44,germany,conference
19,680000,3400,11,11,46,47,12,germany,conference
20,680000,3400,2,5,5,19,95,germany,festival
21,660000,3300,1,5,4,19,107,germany,concert
22,620000,3100,5,8,20,34,93,germany,festival
23,620000,3100,1,3,1,9,56,europe,conference
24,520000,2600,10,1,42,3,88,switzerland,concert
25,500000,2500,5,10,19,40,147,switzerland,theatre
26,500000,2500,9,11,36,45,58,germany,concert
27,500000,2500,2,3,5,10,35,germany,conference
28,480000,2400,7,2,28,6,214,germany,concert
29,480000,2400,5,7,21,31,68,germany,concert
30,460000,2300,11,12,44,48,31,germany,conference
31,460000,2300,12,5,50,19,145,germany,festival
32,440000,2200,4,10,17,43,178,germany,concert
33,440000,2200,11,1,46,5,77,germany,concert
34,420000,2100,10,10,42,43,11,germany,conference
35,400000,2000,3,5,9,21,83,switzerland,theatre
36,400000,2000,4,6,14,22,59,switzerland,theatre
37,400000,2000,11,2,48,5,67,switzerland,theatre
38,400000,2000,5,6,19,23,27,switzerland,theatre
39,400000,2000,8,4,34,15,238,germany,comedy
40,400000,2000,5,7,20,31,72,germany,other
41,400000,2000,6,9,26,39,88,germany,concert
42,380000,1900,6,8,22,35,91,germany,conference
43,380000,1900,12,2,51,5,43,germany,concert
44,380000,1900,9,10,38,42,25,germany,other
45,360000,1800,8,12,31,49,125,germany,concert
46,360000,1800,3,4,10,17,53,switzerland,theatre
47,340000,1700,4,6,17,25,57,switzerland,theatre
48,340000,1700,3,4,11,14,22,switzerland,concert
49,340000,1700,5,7,21,31,70,germany,concert
50,320000,1600,10,11,40,46,45,switzerland,comedy
51,320000,1600,1,2,3,6,22,germany,conference
52,320000,1600,6,9,26,36,73,germany,concert
53,300000,1500,12,6,50,23,178,switzerland,theatre
54,300000,1500,6,7,26,27,12,switzerland,concert
55,300000,1500,2,3,8,13,32,switzerland,theatre
56,300000,1500,12,12,51,52,7,germany,conference
57,300000,1500,11,3,46,10,114,germany,other
58,280000,1400,6,7,23,28,35,germany,other
59,280000,1400,3,3,12,13,8,germany,concert
60,280000,1400,2,3,6,12,42,switzerland,concert
61,260000,1300,9,12,35,51,113,switzerland,theatre
62,260000,1300,5,6,20,22,12,europe,other
63,260000,1300,12,10,49,41,312,germany,conference
64,240000,1200,4,8,16,33,123,germany,festival
65,240000,1200,3,4,11,16,33,usa,theatre
66,240000,1200,9,11,35,47,79,switzerland,theatre
67,240000,1200,4,4,14,16,14,germany,concert
68,240000,1200,11,1,47,4,65,switzerland,theatre
69,240000,1200,3,5,9,18,59,germany,conference
70,240000,1200,10,11,43,46,18,germany,conference
71,220000,1100,4,5,18,18,6,germany,other
72,220000,1100,4,5,18,18,6,germany,other
73,220000,1100,11,6,48,26,214,switzerland,concert
74,220000,1100,1,3,5,10,37,switzerland,concert
75,220000,1100,5,10,18,44,183,germany,other
76,220000,1100,10,12,40,48,56,germany,concert
77,220000,1100,3,4,10,17,46,germany,conference
78,220000,1100,7,12,29,51,154,germany,concert
79,200000,1000,4,5,18,18,6,germany,other
80,200000,1000,1,3,4,12,57,switzerland,theatre
81,200000,1000,4,5,16,21,36,switzerland,theatre
82,200000,1000,4,9,17,39,154,switzerland,theatre
83,200000,1000,7,7,27,31,25,germany,festival
84,200000,1000,11,3,44,11,137,switzerland,other
85,180000,900,1,2,4,6,14,switzerland,concert
86,180000,900,11,11,44,47,17,germany,conference
87,180000,900,11,11,44,47,17,germany,conference
88,180000,900,4,9,17,36,133,switzerland,theatre
89,180000,900,2,2,6,9,23,germany,theatre
90,180000,900,9,10,37,41,29,switzerland,comedy
91,180000,900,9,10,38,43,39,switzerland,concert
92,180000,900,11,3,44,11,133,world,concert
93,160000,800,4,5,18,18,6,germany,other
94,160000,800,4,5,18,18,6,germany,other
95,160000,800,6,6,23,24,13,germany,conference
96,160000,800,4,4,13,15,14,germany,concert
97,160000,800,12,12,49,51,17,germany,concert
98,160000,800,11,12,46,50,30,switzerland,concert
99,160000,800,10,12,43,52,59,switzerland,comedy
100,160000,800,11,1,44,1,65,switzerland,theatre
101,160000,800,1,5,4,21,121,germany,sports
102,160000,800,8,10,34,41,50,germany,concert
103,160000,800,6,11,26,48,152,switzerland,concert
104,140000,700,10,12,43,48,39,switzerland,concert
105,140000,700,6,7,26,28,13,germany,festival
106,140000,700,4,5,18,18,6,germany,other
107,140000,700,11,11,44,47,17,germany,conference
108,140000,700,3,4,12,15,21,germany,other
109,140000,700,11,12,45,49,29,germany,festival
110,140000,700,11,12,48,52,27,switzerland,concert
111,140000,700,3,4,11,15,32,germany,concert
112,140000,700,2,3,6,13,49,germany,concert
113,140000,700,10,10,41,44,19,germany,concert
114,140000,700,4,4,15,18,21,germany,concert
115,140000,700,1,3,3,10,46,germany,comedy
116,140000,700,9,11,37,46,63,germany,comedy
117,140000,700,11,1,48,4,61,germany,comedy
118,120000,600,7,8,29,31,14,germany,other
119,120000,600,9,11,35,47,81,germany,concert
120,120000,600,4,9,17,37,140,switzerland,theatre
121,120000,600,4,6,17,23,44,germany,comedy
122,120000,600,6,6,23,25,19,switzerland,theatre
123,120000,600,10,12,43,48,39,germany,concert
124,120000,600,4,4,16,17,7,germany,concert
125,120000,600,3,4,10,15,37,germany,theatre
126,120000,600,10,12,43,48,39,austria,concert
127,120000,600,10,12,43,48,39,germany,concert
128,120000,600,11,11,44,47,17,germany,conference
129,120000,600,11,12,44,48,31,germany,conference
130,120000,600,5,6,19,24,34,switzerland,concert
131,120000,600,11,12,45,51,44,germany,concert
132,120000,600,9,10,35,41,36,germany,concert
133,120000,600,11,1,48,1,35,germany,comedy
134,120000,600,7,9,28,37,69,germany,concert
135,120000,600,9,11,39,46,50,germany,festival
136,120000,600,11,2,46,7,95,uk,concert
137,100000,500,3,4,11,14,21,switzerland,concert
138,100000,500,9,10,37,40,17,switzerland,conference
139,100000,500,12,2,49,6,64,germany,comedy
140,100000,500,12,1,49,2,37,germany,sports
141,100000,500,11,2,48,6,75,switzerland,other
142,100000,500,11,2,48,6,75,switzerland,other
143,100000,500,6,9,26,39,89,germany,concert
144,100000,500,12,2,48,5,62,switzerland,concert
145,100000,500,10,12,43,48,39,germany,concert
146,100000,500,9,9,36,39,17,germany,concert
147,100000,500,8,10,35,43,57,germany,comedy
148,100000,500,4,6,15,23,62,germany,festival
149,100000,500,10,10,41,43,16,germany,conference
150,100000,500,12,2,49,5,60,germany,festival
151,100000,500,11,12,47,52,37,switzerland,festival
152,100000,500,2,4,9,16,48,germany,theatre
153,100000,500,3,7,13,31,124,germany,concert
154,100000,500,9,10,38,43,37,switzerland,comedy
155,100000,500,4,4,16,18,14,switzerland,theatre
156,100000,500,7,8,27,32,32,world,concert
157,80000,400,11,12,45,52,53,germany,theatre
158,80000,400,3,4,11,14,25,germany,concert
159,80000,400,1,5,2,22,142,germany,festival
160,80000,400,11,11,44,47,17,germany,conference
161,80000,400,12,1,49,4,55,germany,concert
162,80000,400,11,12,45,52,47,switzerland,concert
163,80000,400,10,11,42,45,22,germany,other
164,80000,400,11,12,48,52,27,switzerland,festival
165,80000,400,4,5,17,18,6,germany,festival
166,80000,400,12,12,49,52,16,switzerland,concert
167,80000,400,10,11,41,48,46,switzerland,comedy
168,80000,400,11,12,45,52,49,switzerland,theatre
169,80000,400,9,9,36,38,15,germany,concert
170,80000,400,9,1,39,4,119,germany,concert
171,80000,400,12,2,49,6,65,usa,conference
172,80000,400,1,3,4,9,40,switzerland,concert
173,80000,400,11,1,46,5,78,austria,concert
174,80000,400,9,11,38,46,53,germany,comedy
175,80000,400,10,11,43,47,29,germany,concert
176,80000,400,11,12,45,50,31,germany,concert
177,80000,400,1,3,3,9,42,germany,concert
178,80000,400,10,11,43,46,18,germany,conference
179,80000,400,5,5,19,21,16,germany,festival
180,80000,400,10,11,40,44,31,germany,conference
181,80000,400,3,8,13,31,128,germany,festival
182,80000,400,8,10,33,43,69,switzerland,comedy
183,60000,300,6,7,24,27,23,germany,conference
184,60000,300,11,11,44,46,13,germany,comedy
185,60000,300,10,11,44,48,31,switzerland,concert
186,60000,300,11,11,45,48,20,germany,concert
187,60000,300,3,4,11,15,24,switzerland,concert
188,60000,300,6,10,22,41,132,germany,concert
189,60000,300,8,9,33,37,31,germany,concert
190,60000,300,8,10,33,40,45,germany,concert
191,60000,300,3,3,11,13,14,germany,concert
192,60000,300,4,5,16,19,27,germany,concert
193,60000,300,6,6,23,26,22,germany,concert
194,60000,300,9,10,39,42,23,germany,concert
195,60000,300,12,1,50,3,33,germany,concert
196,60000,300,3,3,9,13,30,germany,concert
197,60000,300,2,4,9,16,48,switzerland,festival
198,60000,300,7,7,27,31,29,germany,concert
199,60000,300,11,11,45,48,19,germany,concert
200,60000,300,4,5,15,18,23,germany,concert
201,60000,300,1,2,2,6,28,switzerland,theatre
202,60000,300,1,3,4,12,59,switzerland,comedy
203,60000,300,1,2,5,7,12,switzerland,concert
204,60000,300,11,12,48,52,27,switzerland,theatre
205,60000,300,10,12,41,49,58,austria,concert
206,60000,300,4,4,17,18,7,germany,comedy
207,60000,300,5,6,19,23,27,germany,concert
208,40000,200,7,7,28,29,8,germany,comedy
209,40000,200,4,5,17,20,21,germany,concert
210,40000,200,10,11,41,45,29,germany,theatre
211,40000,200,10,12,43,51,56,germany,concert
212,40000,200,10,12,43,51,56,germany,concert
213,40000,200,6,6,23,26,23,germany,concert
214,40000,200,10,12,43,51,56,germany,concert
215,40000,200,8,10,35,40,32,germany,concert
216,40000,200,12,12,48,50,15,germany,concert
217,40000,200,1,2,4,9,36,germany,conference
218,40000,200,11,12,48,51,24,germany,comedy
219,40000,200,8,10,33,40,49,germany,concert
220,40000,200,10,10,40,42,14,germany,concert
221,40000,200,11,12,47,51,28,germany,comedy
222,40000,200,10,11,41,45,30,austria,theatre
223,40000,200,10,11,43,46,18,germany,conference
224,40000,200,10,11,43,46,18,germany,conference
225,40000,200,11,11,45,47,15,germany,concert
226,40000,200,12,12,49,50,8,germany,comedy
227,40000,200,3,3,11,12,11,germany,concert
228,40000,200,10,11,40,48,59,germany,conference
229,20000,100,2,2,6,8,15,germany,comedy
230,20000,100,8,9,34,39,37,germany,concert
231,20000,100,2,3,7,10,21,switzerland,
232,20000,100,2,3,7,10,22,switzerland,
233,20000,100,2,4,9,15,44,germany,festival
234,20000,100,10,12,43,51,56,germany,concert
235,20000,100,11,11,44,46,16,germany,concert
236,20000,100,9,10,38,43,32,austria,festival
237,20000,100,10,11,43,46,18,germany,conference
238,20000,100,9,11,36,46,70,germany,comedy
239,20000,100,12,12,49,52,21,switzerland,theatre
240,20000,100,4,4,13,18,29,germany,festival
241,20000,100,12,12,49,50,8,germany,comedy
